{
  "project_info": {
    "project_number": "226749865961",
    "firebase_url": "https://pibi2go.firebaseio.com",
    "project_id": "pibi2go",
    "storage_bucket": "pibi2go.appspot.com"
  },
  "client": [
    {
      "client_info": {
        "mobilesdk_app_id": "1:226749865961:android:ee38b4cb064c7df7427578",
        "android_client_info": {
          "package_name": "com.elnaranjo.pibi2go"
        }
      },
      "oauth_client": [
        {
          "client_id": "226749865961-p3j7u8katfmvi3jdftuc9ksogep93n7c.apps.googleusercontent.com",
          "client_type": 1,
          "android_info": {
            "package_name": "com.elnaranjo.pibi2go",
            "certificate_hash": "3f5720575784c97a747003f971acc4b68a979c80"
          }
        },
        {
          "client_id": "226749865961-cgsnvv65vh9kf5ogii6tfnu2t1m5s0um.apps.googleusercontent.com",
          "client_type": 3
        }
      ],
      "api_key": [
        {
          "current_key": "AIzaSyApT34lh1VNbU7z22QnT7XbsNzAvKmhsC8"
        }
      ],
      "services": {
        "appinvite_service": {
          "other_platform_oauth_client": [
            {
              "client_id": "226749865961-cgsnvv65vh9kf5ogii6tfnu2t1m5s0um.apps.googleusercontent.com",
              "client_type": 3
            }
          ]
        }
      }
    },
    {
      "client_info": {
        "mobilesdk_app_id": "1:226749865961:android:c63a3fa399e22dac427578",
        "android_client_info": {
          "package_name": "com.elnaranjo.pibi2goserver"
        }
      },
      "oauth_client": [
        {
          "client_id": "226749865961-1dord93kt87rucfm8vdcbj7cipaupt9r.apps.googleusercontent.com",
          "client_type": 1,
          "android_info": {
            "package_name": "com.elnaranjo.pibi2goserver",
            "certificate_hash": "3f5720575784c97a747003f971acc4b68a979c80"
          }
        },
        {
          "client_id": "226749865961-cgsnvv65vh9kf5ogii6tfnu2t1m5s0um.apps.googleusercontent.com",
          "client_type": 3
        }
      ],
      "api_key": [
        {
          "current_key": "AIzaSyApT34lh1VNbU7z22QnT7XbsNzAvKmhsC8"
        }
      ],
      "services": {
        "appinvite_service": {
          "other_platform_oauth_client": [
            {
              "client_id": "226749865961-cgsnvv65vh9kf5ogii6tfnu2t1m5s0um.apps.googleusercontent.com",
              "client_type": 3
            }
          ]
        }
      }
    }
  ],
  "configuration_version": "1"
}